{
    "averages_H0": {
        "pro-Biden": [
            64.8088888888889,
            70.04444444444445,
            76.96555555555554,
            72.8911111111111,
            65.16555555555557,
            11.54888888888889
        ],
        "neutral": [
            86.34,
            84.98888888888888,
            78.32555555555555,
            85.57444444444445,
            86.43222222222221,
            33.34111111111112
        ],
        "pro-Trump": [
            19.55333333333333,
            19.93777777777778,
            19.674444444444443,
            18.974444444444444,
            20.638888888888893,
            2.6644444444444444
        ]
    },
    "stds_H0": {
        "pro-Biden": [
            3.5244531412202518,
            5.150964976323732,
            5.280504272557587,
            4.292920880849012,
            4.510928544141809,
            1.945703412898885
        ],
        "neutral": [
            3.241116910114773,
            3.5988831577270575,
            3.8977059380352808,
            3.6993654087445758,
            3.499038905931062,
            1.8641366840554394
        ],
        "pro-Trump": [
            1.1717476659215467,
            1.260037840593505,
            1.0742946640084698,
            1.1699610666185223,
            1.1759880314650313,
            0.3331452853988517
        ]
    }
}