{
    "averages_H0": {
        "pro-Biden": [
            11.293333333333331,
            9.663333333333332,
            10.096666666666668,
            10.704444444444446,
            10.505555555555555,
            4.5311111111111115
        ],
        "neutral": [
            27.066666666666663,
            26.37222222222222,
            26.731111111111108,
            27.680000000000003,
            26.996666666666666,
            11.412222222222221
        ],
        "pro-Trump": [
            1.6188888888888888,
            1.5022222222222223,
            1.4733333333333336,
            1.7177777777777783,
            1.575555555555556,
            1.0577777777777777
        ]
    },
    "stds_H0": {
        "pro-Biden": [
            0.6803807813738092,
            0.5095445340536076,
            0.5632517114234594,
            0.8001240857364339,
            0.6507919987430139,
            0.2856639924110814
        ],
        "neutral": [
            0.5431425516543742,
            0.5067591247897606,
            0.556964344051675,
            0.5770196912913207,
            0.46932562145353396,
            0.32728412726166345
        ],
        "pro-Trump": [
            0.1063823237573019,
            0.08415963262338741,
            0.07901694856750378,
            0.0907571856758972,
            0.08408372239156514,
            0.013075410841251538
        ]
    }
}