{
    "averages_H0": {
        "pro-Biden": [
            71.25,
            66.18111111111112,
            61.89444444444443,
            50.57777777777777,
            71.60333333333332,
            37.53666666666666
        ],
        "neutral": [
            103.02666666666666,
            81.17777777777778,
            75.96444444444445,
            108.22222222222223,
            98.28555555555555,
            10.116666666666665
        ],
        "pro-Trump": [
            18.566666666666666,
            15.137777777777778,
            16.26888888888889,
            33.184444444444445,
            22.30111111111111,
            1.3977777777777776
        ]
    },
    "stds_H0": {
        "pro-Biden": [
            1.1083979326088147,
            1.5827766178623996,
            1.0699972945303442,
            1.185924617675172,
            1.1390203830266565,
            0.47557815859199987
        ],
        "neutral": [
            1.314744365209183,
            1.1713865481965677,
            0.9019772991076755,
            1.2230933851072294,
            1.1315319054090813,
            0.4142103845347791
        ],
        "pro-Trump": [
            0.8862724903792655,
            0.6094168083648349,
            0.755084820678944,
            1.1615693059167198,
            0.932603002892808,
            0.2132155645559745
        ]
    }
}