{
    "averages_H0": {
        "pro-Biden": [
            10.283727399165508,
            10.475660639777468,
            10.513212795549373,
            10.475660639777468,
            10.482614742698193,
            4.235048678720445
        ],
        "neutral": [
            26.554937413073713,
            26.876216968011125,
            26.815020862308764,
            26.842837273991655,
            27.016689847009737,
            11.845618915159944
        ],
        "pro-Trump": [
            1.5660639777468706,
            1.599443671766342,
            1.6036161335187762,
            1.5869262865090403,
            1.611961057023644,
            1.0500695410292071
        ]
    },
    "stds_H0": {
        "pro-Biden": [
            4.038139828407965,
            4.032480256760657,
            4.047700347565276,
            4.128730112455736,
            4.155999235304213,
            1.7902851320873565
        ],
        "neutral": [
            4.505889054665865,
            4.511820332869042,
            4.679475391204666,
            4.5930856069426165,
            4.3948247168971974,
            2.681273057398766
        ],
        "pro-Trump": [
            0.7450972166076127,
            0.7654079123190055,
            0.805647370324249,
            0.7705559139766072,
            0.8114236044698251,
            0.2182402924321616
        ]
    }
}