{
    "averages_H1": {
        "pro-Biden": [
            8.8,
            9.69,
            9.95,
            5.91,
            15.58,
            7.67
        ],
        "neutral": [
            26.63,
            24.83,
            22.62,
            31.22,
            26.48,
            8.66
        ],
        "pro-Trump": [
            1.11,
            1.53,
            2.18,
            1.66,
            1.25,
            1.12
        ]
    },
    "stds_H1": {
        "pro-Biden": [
            1.5827351342061329,
            1.535407029902738,
            1.305582419667734,
            1.9801795653705527,
            4.2644407072269805,
            1.6021135030851208
        ],
        "neutral": [
            2.56099333632223,
            3.969721258311076,
            2.604502705591673,
            3.2398403751675264,
            3.0862353255784765,
            1.7420526613014529
        ],
        "pro-Trump": [
            0.31446603773522014,
            0.8581751840181854,
            0.808790092756714,
            0.589812502307969,
            0.4793724854411023,
            0.32659863237109044
        ]
    }
}